,basetext,1,13,18,22,33,35,69,69C,109,109C,118,124,138,157,168,173,209,213,226,249,265,295,333,357,377,382,397,430,543,544,565,579,597,732,788,792,799,807,821,826,828,841,869,884,892,983,992,994,1009,1010,1014,1029,1071,1079,1093,1128,1192,1210,1219,1230,1241,1242,1253,1278,1293,1319,1320,1321,1344,1424,1424C,1463,1546,1561,1571S,1582,1582C,1654,1689,1788,1797,1797C,2106,2192,2193,2193C,2223,226C,2372,2411,2575,2585,2615,2680,2713,2718,2766,2768,2786,2790,2886,2561
basetext,100,75,80,85,80,90,85,75,85,70,70,55,80,85,80,85,55,70,80,85,85,90,75,85,85,75,80,85,75,85,80,80,80,80,70,75,65,80,75,75,85,80,80,80,80,70,85,85,85,80,90,85,80,65,90,80,80,85,85,90,80,75,80,75,80,90,85,85,90,85,80,85,85,80,85,85,85,75,75,80,75,80,80,85,75,90,75,70,85,70,80,85,75,75,80,75,80,80,85,75,80,75,80
1,75,100,80,85,80,85,85,80,85,70,70,70,85,90,80,80,65,95,80,85,85,80,80,85,90,75,85,70,80,85,85,85,75,75,75,80,55,80,75,75,85,80,80,80,90,70,75,70,80,75,75,75,75,70,70,70,70,75,75,70,70,80,75,70,75,75,70,70,75,70,80,75,75,70,75,70,80,90,80,70,70,70,70,80,65,75,85,75,85,65,70,80,65,65,75,85,70,70,80,65,70,90,75
13,80,80,100,95,95,85,95,80,95,90,80,65,85,90,90,85,60,80,85,90,95,85,85,95,90,80,85,70,85,95,80,90,85,80,80,80,60,85,80,80,95,100,85,90,85,75,85,80,80,85,80,85,75,70,75,80,80,85,85,75,75,80,75,70,80,80,80,80,80,75,85,85,75,75,85,80,80,70,80,90,70,80,85,80,70,80,75,75,95,75,75,80,85,70,80,70,80,75,80,70,80,70,75
18,85,85,95,100,95,90,100,85,100,85,85,65,90,95,95,90,65,80,90,95,100,90,90,100,95,85,90,75,85,100,85,90,80,85,80,85,65,90,85,85,100,95,90,95,90,80,90,85,85,80,85,90,80,75,80,85,85,90,90,80,80,85,80,75,85,85,85,85,85,80,90,90,80,80,90,85,85,75,85,85,75,80,85,85,75,85,80,80,100,75,80,85,80,75,85,75,85,75,85,75,85,75,80
22,80,80,95,95,100,85,95,80,95,85,80,65,85,90,90,85,60,80,85,90,95,85,85,95,90,80,85,70,85,95,80,90,80,80,80,80,60,85,80,80,95,95,85,90,85,75,85,80,80,80,80,85,75,70,75,80,80,85,85,75,75,80,75,70,80,80,80,80,80,75,85,85,75,75,85,80,80,70,80,85,70,80,85,80,70,80,75,75,95,75,75,80,80,70,80,70,80,75,80,70,80,70,75
33,90,85,85,90,85,100,90,75,90,75,75,60,90,95,85,85,65,80,85,90,90,85,80,90,95,80,90,85,85,90,85,90,90,80,80,75,65,85,80,80,90,85,85,85,90,75,90,85,95,90,90,90,90,75,85,85,85,90,90,85,85,85,90,80,80,90,85,85,90,85,85,90,90,75,90,85,95,85,85,85,85,85,85,95,75,90,80,80,90,70,75,95,80,75,80,85,85,85,95,80,85,85,90
35,85,85,95,100,95,90,100,85,100,85,85,65,90,95,95,90,65,80,90,95,100,90,90,100,95,85,90,75,85,100,85,90,80,85,80,85,65,90,85,85,100,95,90,95,90,80,90,85,85,80,85,90,80,75,80,85,85,90,90,80,80,85,80,75,85,85,85,85,85,80,90,90,80,80,90,85,85,75,85,85,75,80,85,85,75,85,80,80,100,75,80,85,80,75,85,75,85,75,85,75,85,75,80
69,75,80,80,85,80,75,85,100,85,70,70,60,75,80,80,75,55,75,75,80,85,80,80,85,80,70,75,65,70,85,80,75,65,70,65,100,50,75,70,70,85,80,75,80,80,65,75,75,70,65,70,75,65,60,70,70,70,75,75,70,65,70,65,65,70,70,75,75,70,65,75,75,70,70,75,75,70,70,70,70,60,65,70,70,75,70,75,65,85,60,70,70,65,75,70,70,70,65,70,60,70,70,65
69C,85,85,95,100,95,90,100,85,100,85,85,65,90,95,95,90,65,80,90,95,100,90,90,100,95,85,90,75,85,100,85,90,80,85,80,85,65,90,85,85,100,95,90,95,90,80,90,85,85,80,85,90,80,75,80,85,85,90,90,80,80,85,80,75,85,85,85,85,85,80,90,90,80,80,90,85,85,75,85,85,75,80,85,85,75,85,80,80,100,75,80,85,80,75,85,75,85,75,85,75,85,75,80
109,70,70,90,85,85,75,85,70,85,100,90,55,80,80,85,75,70,70,75,80,85,75,75,85,80,90,75,80,75,85,70,80,75,90,85,70,70,75,90,75,85,90,75,85,75,70,80,75,75,80,75,80,75,80,70,75,80,80,80,70,70,90,65,65,90,75,75,75,75,70,80,80,70,85,80,75,75,65,85,85,65,75,80,75,65,75,70,85,85,85,85,75,85,65,90,65,75,70,75,70,75,65,65
109C,70,70,80,85,80,75,85,70,85,90,100,50,80,80,85,85,80,65,75,80,85,75,75,85,80,90,85,80,70,85,70,75,65,90,80,70,70,75,90,75,85,80,85,85,75,70,80,75,75,70,75,80,75,90,70,85,80,80,80,70,70,90,75,65,90,75,75,75,75,80,80,80,70,85,80,75,75,65,85,75,75,70,75,75,65,75,70,85,85,80,85,75,75,65,90,65,85,65,75,70,75,65,75
118,55,70,65,65,65,60,65,60,65,55,50,100,60,65,60,60,45,75,60,65,65,60,60,65,65,55,60,45,60,65,60,65,55,55,55,60,35,60,55,55,65,65,60,60,65,60,55,50,55,55,55,55,50,45,50,50,50,55,55,50,50,55,50,50,55,55,50,50,55,50,60,55,50,50,55,50,55,60,55,55,45,55,55,55,45,55,60,55,65,65,50,55,50,45,55,65,50,50,55,45,50,60,50
124,80,85,85,90,85,90,90,75,90,80,80,60,100,95,90,85,70,80,85,90,90,85,80,90,95,85,90,80,85,90,85,90,80,85,85,75,65,85,85,85,90,85,85,85,90,75,80,75,85,80,80,80,85,80,75,75,80,80,80,75,75,90,80,70,85,80,75,75,80,75,85,80,80,80,80,75,85,75,90,75,75,75,75,85,65,80,70,85,90,75,80,85,75,65,85,75,75,75,85,75,75,75,80
138,85,90,90,95,90,95,95,80,95,80,80,65,95,100,90,90,70,85,90,95,95,90,85,95,100,85,95,80,90,95,90,95,85,85,85,80,65,90,85,85,95,90,90,90,95,80,85,80,90,85,85,85,85,80,80,80,80,85,85,80,80,90,85,75,85,85,80,80,85,80,90,85,85,80,85,80,90,80,90,80,80,80,80,90,70,85,75,85,95,75,80,90,75,70,85,80,80,80,90,75,80,80,85
157,80,80,90,95,90,85,95,80,95,85,85,60,90,90,100,85,65,75,85,90,95,85,85,95,90,85,85,75,80,95,80,85,75,85,80,80,65,85,85,90,95,90,85,90,85,75,85,80,80,75,80,85,85,75,75,80,85,85,85,75,75,85,75,70,85,80,80,80,80,75,85,85,75,80,85,80,80,70,85,80,70,75,80,80,70,80,75,80,95,75,80,80,80,70,85,70,80,70,80,80,80,70,75
168,85,80,85,90,85,85,90,75,90,75,85,60,85,90,85,100,70,75,85,90,90,90,80,90,90,80,95,70,80,90,80,85,75,85,75,75,65,85,80,80,90,85,95,85,85,75,80,75,80,75,85,80,75,80,80,85,75,80,80,80,75,80,85,70,85,85,75,75,85,90,85,80,75,80,80,75,80,70,80,75,80,75,75,80,65,85,70,75,90,75,80,80,70,65,85,70,85,70,80,70,75,70,85
173,55,65,60,65,60,65,65,55,65,70,80,45,70,70,65,70,100,60,60,65,65,60,60,65,70,75,75,70,60,65,65,65,55,75,70,55,60,60,75,60,65,60,70,65,70,60,60,55,65,60,60,60,65,80,55,65,60,60,60,55,55,80,65,55,75,60,55,55,60,65,65,60,60,70,60,55,65,60,75,55,65,55,55,65,50,60,55,85,65,65,70,65,55,45,75,60,65,55,65,55,55,60,65
209,70,95,80,80,80,80,80,75,80,70,65,75,80,85,75,75,60,100,75,80,80,75,75,80,85,70,80,65,80,80,80,85,75,70,75,75,50,75,70,70,80,80,75,75,85,65,70,65,75,75,70,70,70,65,65,65,65,70,70,65,65,75,70,65,70,70,65,65,70,65,75,70,70,65,70,65,75,85,75,70,65,70,70,75,60,70,80,70,80,70,65,75,65,60,70,80,65,70,75,60,65,85,70
213,80,80,85,90,85,85,90,75,90,75,75,60,85,90,85,85,60,75,100,95,90,85,80,90,90,80,85,70,80,90,80,85,75,80,75,75,60,100,80,90,90,85,85,85,85,80,80,75,80,75,80,80,75,70,75,75,75,80,80,75,90,80,75,85,80,80,75,75,80,75,90,80,75,75,80,75,80,70,80,75,70,75,75,80,65,80,70,75,90,70,75,80,70,65,80,70,75,70,80,85,75,70,75
226,85,85,90,95,90,90,95,80,95,80,80,65,90,95,90,90,65,80,95,100,95,90,85,95,95,85,90,75,85,95,85,90,80,85,80,80,65,95,85,90,95,90,90,90,90,85,85,80,85,80,85,85,80,75,80,80,80,85,85,80,85,85,80,80,85,85,80,80,85,80,95,85,80,80,85,80,85,75,85,80,75,80,80,85,70,85,75,80,95,75,80,85,75,70,85,75,80,75,85,80,80,75,80
249,85,85,95,100,95,90,100,85,100,85,85,65,90,95,95,90,65,80,90,95,100,90,90,100,95,85,90,75,85,100,85,90,80,85,80,85,65,90,85,85,100,95,90,95,90,80,90,85,85,80,85,90,80,75,80,85,85,90,90,80,80,85,80,75,85,85,85,85,85,80,90,90,80,80,90,85,85,75,85,85,75,80,85,85,75,85,80,80,100,75,80,85,80,75,85,75,85,75,85,75,85,75,80
265,90,80,85,90,85,85,90,80,90,75,75,60,85,90,85,90,60,75,85,90,90,100,80,90,90,80,85,75,80,90,90,85,75,85,75,80,65,85,80,80,90,85,85,85,85,75,80,85,80,75,85,80,75,70,90,75,75,80,80,90,75,80,75,70,85,85,85,85,85,80,85,80,85,90,80,85,80,70,80,75,70,75,75,80,70,85,70,75,90,75,90,80,70,70,85,70,75,80,80,70,75,70,75
295,75,80,85,90,85,80,90,80,90,75,75,60,80,85,85,80,60,75,80,85,90,80,100,90,85,75,80,65,75,90,80,80,70,75,70,80,55,80,75,75,90,85,80,85,85,70,80,75,75,70,75,80,70,65,70,75,75,80,80,70,70,75,70,70,75,75,75,75,75,70,80,80,70,70,80,75,75,70,75,75,65,70,75,75,70,75,75,70,90,65,70,75,70,65,75,70,75,65,75,65,75,70,70
333,85,85,95,100,95,90,100,85,100,85,85,65,90,95,95,90,65,80,90,95,100,90,90,100,95,85,90,75,85,100,85,90,80,85,80,85,65,90,85,85,100,95,90,95,90,80,90,85,85,80,85,90,80,75,80,85,85,90,90,80,80,85,80,75,85,85,85,85,85,80,90,90,80,80,90,85,85,75,85,85,75,80,85,85,75,85,80,80,100,75,80,85,80,75,85,75,85,75,85,75,85,75,80
357,85,90,90,95,90,95,95,80,95,80,80,65,95,100,90,90,70,85,90,95,95,90,85,95,100,85,95,80,90,95,90,95,85,85,85,80,65,90,85,85,95,90,90,90,95,80,85,80,90,85,85,85,85,80,80,80,80,85,85,80,80,90,85,75,85,85,80,80,85,80,90,85,85,80,85,80,90,80,90,80,80,80,80,90,70,85,75,85,95,75,80,90,75,70,85,80,80,80,90,75,80,80,85
377,75,75,80,85,80,80,85,70,85,90,90,55,85,85,85,80,75,70,80,85,85,80,75,85,85,100,80,85,75,85,75,80,70,95,85,70,75,80,100,80,85,80,80,85,80,75,80,75,80,75,80,80,80,85,75,75,80,80,80,75,75,95,70,70,95,80,75,75,80,75,85,80,75,90,80,75,80,70,90,75,70,75,75,80,65,80,70,90,85,85,90,80,75,65,95,70,75,70,80,75,75,70,70
382,80,85,85,90,85,90,90,75,90,75,85,60,90,95,85,95,75,80,85,90,90,85,80,90,95,80,100,75,85,90,85,90,80,80,80,75,60,85,80,80,90,85,95,85,90,75,80,75,85,80,80,80,80,85,75,85,75,80,80,75,75,85,90,70,80,80,75,75,80,85,85,80,80,75,80,75,85,75,85,75,85,75,75,85,65,80,70,80,90,70,75,85,70,65,80,75,85,75,85,70,75,75,90
397,85,70,70,75,70,85,75,65,75,80,80,45,80,80,75,70,70,65,70,75,75,75,65,75,80,85,75,100,70,75,75,75,75,85,80,65,70,70,85,70,75,70,70,75,75,65,80,80,85,80,80,80,85,80,80,75,80,80,80,80,75,90,75,70,85,80,80,80,80,75,75,80,85,85,80,80,85,75,85,75,75,75,75,85,70,80,70,85,75,75,85,85,75,70,85,75,75,80,85,75,75,75,75
430,75,80,85,85,85,85,85,70,85,75,70,60,85,90,80,80,60,80,80,85,85,80,75,85,90,75,85,70,100,85,80,90,80,75,80,70,55,80,75,75,85,85,80,80,85,70,75,70,80,80,75,75,75,70,70,70,70,75,75,70,70,80,75,65,75,75,70,70,75,70,80,75,75,70,75,70,80,70,80,75,70,75,75,80,60,75,65,75,85,70,70,80,70,60,75,70,70,75,80,65,70,70,75
543,85,85,95,100,95,90,100,85,100,85,85,65,90,95,95,90,65,80,90,95,100,90,90,100,95,85,90,75,85,100,85,90,80,85,80,85,65,90,85,85,100,95,90,95,90,80,90,85,85,80,85,90,80,75,80,85,85,90,90,80,80,85,80,75,85,85,85,85,85,80,90,90,80,80,90,85,85,75,85,85,75,80,85,85,75,85,80,80,100,75,80,85,80,75,85,75,85,75,85,75,85,75,80
544,80,85,80,85,80,85,85,80,85,70,70,60,85,90,80,80,65,80,80,85,85,90,80,85,90,75,85,75,80,85,100,85,75,75,75,80,55,80,75,75,85,80,80,80,90,70,75,80,80,75,75,75,75,70,80,70,70,75,75,80,70,80,75,70,75,75,80,80,75,70,80,75,85,80,75,80,80,75,80,70,70,70,70,80,70,75,70,75,85,65,80,80,65,65,75,75,70,80,80,65,70,75,75
565,80,85,90,90,90,90,90,75,90,80,75,65,90,95,85,85,65,85,85,90,90,85,80,90,95,80,90,75,90,90,85,100,85,80,85,75,60,85,80,80,90,90,85,85,90,75,80,75,85,85,80,80,80,75,75,75,75,80,80,75,75,85,80,70,80,80,75,75,80,75,85,80,80,75,80,75,85,75,85,80,75,80,80,85,65,80,70,80,90,75,75,85,75,65,80,75,75,80,85,70,75,75,80
579,80,75,85,80,80,90,80,65,80,75,65,55,80,85,75,75,55,75,75,80,80,75,70,80,85,70,80,75,80,80,75,85,100,70,75,65,55,75,70,70,80,85,75,75,80,65,80,75,85,90,80,80,80,65,75,75,75,80,80,75,75,75,90,70,70,80,75,75,80,75,75,80,80,65,80,75,85,75,75,85,85,80,80,85,65,80,70,70,80,65,65,85,80,65,70,75,75,80,85,70,75,75,90
597,80,75,80,85,80,80,85,70,85,90,90,55,85,85,85,85,75,70,80,85,85,85,75,85,85,95,80,85,75,85,75,80,70,100,85,70,80,80,95,80,85,80,80,85,80,75,80,75,80,75,85,80,80,85,80,75,80,80,80,80,75,95,70,70,100,85,75,75,85,80,85,80,75,95,80,75,80,70,90,75,70,75,75,80,65,85,70,90,85,90,95,80,75,65,100,70,75,70,80,75,75,70,70
732,70,75,80,80,80,80,80,65,80,85,80,55,85,85,80,75,70,75,75,80,80,75,70,80,85,85,80,80,80,80,75,85,75,85,100,65,65,75,85,75,80,80,75,80,80,70,75,70,80,80,75,75,80,80,70,70,75,75,75,70,70,90,70,65,85,75,70,70,75,70,80,75,75,80,75,70,80,70,95,75,70,75,75,80,60,75,65,85,80,80,80,80,75,60,85,70,70,75,80,70,70,70,70
788,75,80,80,85,80,75,85,100,85,70,70,60,75,80,80,75,55,75,75,80,85,80,80,85,80,70,75,65,70,85,80,75,65,70,65,100,50,75,70,70,85,80,75,80,80,65,75,75,70,65,70,75,65,60,70,70,70,75,75,70,65,70,65,65,70,70,75,75,70,65,75,75,70,70,75,75,70,70,70,70,60,65,70,70,75,70,75,65,85,60,70,70,65,75,70,70,70,65,70,60,70,70,65
792,65,55,60,65,60,65,65,50,65,70,70,35,65,65,65,65,60,50,60,65,65,65,55,65,65,75,60,70,55,65,55,60,55,80,65,50,100,60,75,60,65,60,60,65,60,55,65,60,65,60,70,65,65,70,65,60,65,65,65,65,60,75,55,55,80,70,60,60,70,65,65,65,60,75,65,60,65,55,70,60,55,60,60,65,50,70,55,70,65,70,75,65,60,50,80,55,60,55,65,60,65,55,55
799,80,80,85,90,85,85,90,75,90,75,75,60,85,90,85,85,60,75,100,95,90,85,80,90,90,80,85,70,80,90,80,85,75,80,75,75,60,100,80,90,90,85,85,85,85,80,80,75,80,75,80,80,75,70,75,75,75,80,80,75,90,80,75,85,80,80,75,75,80,75,90,80,75,75,80,75,80,70,80,75,70,75,75,80,65,80,70,75,90,70,75,80,70,65,80,70,75,70,80,85,75,70,75
807,75,75,80,85,80,80,85,70,85,90,90,55,85,85,85,80,75,70,80,85,85,80,75,85,85,100,80,85,75,85,75,80,70,95,85,70,75,80,100,80,85,80,80,85,80,75,80,75,80,75,80,80,80,85,75,75,80,80,80,75,75,95,70,70,95,80,75,75,80,75,85,80,75,90,80,75,80,70,90,75,70,75,75,80,65,80,70,90,85,85,90,80,75,65,95,70,75,70,80,75,75,70,70
821,75,75,80,85,80,80,85,70,85,75,75,55,85,85,90,80,60,70,90,90,85,80,75,85,85,80,80,70,75,85,75,80,70,80,75,70,60,90,80,100,85,80,80,80,80,75,75,70,75,70,75,75,80,70,70,70,75,75,75,70,80,80,70,75,80,75,70,70,75,70,85,75,70,75,75,70,75,65,80,70,65,70,70,75,60,75,65,75,85,70,75,75,70,60,80,65,70,65,75,85,70,65,70
826,85,85,95,100,95,90,100,85,100,85,85,65,90,95,95,90,65,80,90,95,100,90,90,100,95,85,90,75,85,100,85,90,80,85,80,85,65,90,85,85,100,95,90,95,90,80,90,85,85,80,85,90,80,75,80,85,85,90,90,80,80,85,80,75,85,85,85,85,85,80,90,90,80,80,90,85,85,75,85,85,75,80,85,85,75,85,80,80,100,75,80,85,80,75,85,75,85,75,85,75,85,75,80
828,80,80,100,95,95,85,95,80,95,90,80,65,85,90,90,85,60,80,85,90,95,85,85,95,90,80,85,70,85,95,80,90,85,80,80,80,60,85,80,80,95,100,85,90,85,75,85,80,80,85,80,85,75,70,75,80,80,85,85,75,75,80,75,70,80,80,80,80,80,75,85,85,75,75,85,80,80,70,80,90,70,80,85,80,70,80,75,75,95,75,75,80,85,70,80,70,80,75,80,70,80,70,75
841,80,80,85,90,85,85,90,75,90,75,85,60,85,90,85,95,70,75,85,90,90,85,80,90,90,80,95,70,80,90,80,85,75,80,75,75,60,85,80,80,90,85,100,85,85,75,80,75,80,75,80,80,75,80,75,85,75,80,80,75,75,80,85,70,80,80,75,75,80,85,85,80,75,75,80,75,80,70,80,75,80,75,75,80,65,80,70,75,90,70,75,80,70,65,80,70,85,70,80,70,75,70,85
869,80,80,90,95,90,85,95,80,95,85,85,60,85,90,90,85,65,75,85,90,95,85,85,95,90,85,85,75,80,95,80,85,75,85,80,80,65,85,85,80,95,90,85,100,85,80,90,85,85,80,85,90,80,75,80,85,85,90,90,80,80,85,75,75,85,85,85,85,85,80,90,90,80,80,90,85,85,75,85,85,75,80,85,85,75,85,80,80,95,75,80,85,80,75,85,75,85,75,85,75,85,75,75
884,80,90,85,90,85,90,90,80,90,75,75,65,90,95,85,85,70,85,85,90,90,85,85,90,95,80,90,75,85,90,90,90,80,80,80,80,60,85,80,80,90,85,85,85,100,75,80,75,85,80,80,80,80,75,75,75,75,80,80,75,75,85,80,80,80,80,75,75,80,75,85,80,80,75,80,75,85,80,85,75,75,75,75,85,70,80,75,80,90,70,75,85,70,65,80,80,75,75,85,70,75,80,80
892,70,70,75,80,75,75,80,65,80,70,70,60,75,80,75,75,60,65,80,85,80,75,70,80,80,75,75,65,70,80,70,75,65,75,70,65,55,80,75,75,80,75,75,80,75,100,75,70,75,70,75,75,70,65,70,70,70,75,75,70,75,75,65,70,75,75,70,70,75,70,85,75,70,70,75,70,75,65,75,70,65,70,70,75,60,75,65,75,80,65,70,75,65,60,75,65,70,65,75,70,70,65,65
983,85,75,85,90,85,90,90,75,90,80,80,55,80,85,85,80,60,70,80,85,90,80,80,90,85,80,80,80,75,90,75,80,80,80,75,75,65,80,80,75,90,85,80,90,80,75,100,95,95,90,95,100,90,70,90,95,95,100,100,90,90,80,80,85,80,95,95,95,95,90,85,100,90,75,100,95,95,85,80,95,85,90,95,95,85,95,90,75,90,70,75,95,90,85,80,85,95,85,95,85,95,85,80
992,85,70,80,85,80,85,85,75,85,75,75,50,75,80,80,75,55,65,75,80,85,85,75,85,80,75,75,80,70,85,80,75,75,75,70,75,60,75,75,70,85,80,75,85,75,70,95,100,90,85,90,95,85,65,95,90,90,95,95,95,85,75,75,80,75,90,100,100,90,85,80,95,95,80,95,100,90,80,75,90,80,85,90,90,85,90,85,70,85,65,80,90,85,85,75,80,90,90,90,80,90,80,75
994,85,80,80,85,80,95,85,70,85,75,75,55,85,90,80,80,65,75,80,85,85,80,75,85,90,80,85,85,80,85,80,85,85,80,80,70,65,80,80,75,85,80,80,85,85,75,95,90,100,95,95,95,95,75,90,90,90,95,95,90,90,85,85,85,80,95,90,90,95,90,85,95,95,75,95,90,100,90,85,90,90,90,90,100,80,95,85,80,85,70,75,100,85,80,80,90,90,90,100,85,90,90,85
1009,80,75,85,80,80,90,80,65,80,80,70,55,80,85,75,75,60,75,75,80,80,75,70,80,85,75,80,80,80,80,75,85,90,75,80,65,60,75,75,70,80,85,75,80,80,70,90,85,95,100,90,90,90,70,85,85,85,90,90,85,85,80,80,80,75,90,85,85,90,85,80,90,90,70,90,85,95,85,80,95,85,90,90,95,75,90,80,75,80,70,70,95,90,75,75,85,85,90,95,80,85,85,80
1010,90,75,80,85,80,90,85,70,85,75,75,55,80,85,80,85,60,70,80,85,85,85,75,85,85,80,80,80,75,85,75,80,80,85,75,70,70,80,80,75,85,80,80,85,80,75,95,90,95,90,100,95,90,70,95,90,90,95,95,95,90,80,80,85,85,100,90,90,100,95,85,95,90,80,95,90,95,85,80,90,85,90,90,95,80,100,85,75,85,75,80,95,85,80,85,85,90,85,95,85,90,85,80
1014,85,75,85,90,85,90,90,75,90,80,80,55,80,85,85,80,60,70,80,85,90,80,80,90,85,80,80,80,75,90,75,80,80,80,75,75,65,80,80,75,90,85,80,90,80,75,100,95,95,90,95,100,90,70,90,95,95,100,100,90,90,80,80,85,80,95,95,95,95,90,85,100,90,75,100,95,95,85,80,95,85,90,95,95,85,95,90,75,90,70,75,95,90,85,80,85,95,85,95,85,95,85,80
1029,80,75,75,80,75,90,80,65,80,75,75,50,85,85,85,75,65,70,75,80,80,75,70,80,85,80,80,85,75,80,75,80,80,80,80,65,65,75,80,80,80,75,75,80,80,70,90,85,95,90,90,90,100,75,85,85,90,90,90,85,85,85,80,80,80,90,85,85,90,85,80,90,90,75,90,85,95,85,85,85,85,85,85,95,75,90,80,80,80,70,75,95,85,75,80,85,85,85,95,90,85,85,80
1071,65,70,70,75,70,75,75,60,75,80,90,45,80,80,75,80,80,65,70,75,75,70,65,75,80,85,85,80,70,75,70,75,65,85,80,60,70,70,85,70,75,70,80,75,75,65,70,65,75,70,70,70,75,100,65,75,70,70,70,65,65,90,75,60,85,70,65,65,70,75,75,70,70,80,70,65,75,65,85,65,75,65,65,75,55,70,60,85,75,75,80,75,65,55,85,65,75,65,75,65,75,65,75
1079,90,70,75,80,75,85,80,70,80,70,70,50,75,80,75,80,55,65,75,80,80,90,70,80,80,75,75,80,70,80,80,75,75,80,70,70,65,75,75,70,80,75,75,80,75,70,90,95,90,85,95,90,85,65,100,85,85,90,90,100,85,75,75,80,80,95,95,95,95,90,80,90,95,85,90,95,90,80,75,85,80,85,85,90,80,95,80,70,80,70,85,90,80,80,80,80,85,90,90,80,85,80,75
1093,80,70,80,85,80,85,85,70,85,75,85,50,75,80,80,85,65,65,75,80,85,75,75,85,80,75,85,75,70,85,70,75,75,75,70,70,60,75,75,70,85,80,85,85,75,70,95,90,90,85,90,95,85,75,85,100,90,95,95,85,85,75,85,80,75,90,90,90,90,95,80,95,85,70,95,90,90,80,75,90,90,85,90,90,80,90,85,70,85,65,70,90,85,80,75,80,100,80,90,80,90,80,85
1128,80,70,80,85,80,85,85,70,85,80,80,50,80,80,85,75,60,65,75,80,85,75,75,85,80,80,75,80,70,85,70,75,75,80,75,70,65,75,80,75,85,80,75,85,75,70,95,90,90,85,90,95,90,70,85,90,100,95,95,85,85,80,75,80,80,90,90,90,90,85,80,95,85,75,95,90,90,80,80,90,80,85,90,90,80,90,85,75,85,70,75,90,90,80,80,80,90,80,90,85,90,80,75
1192,85,75,85,90,85,90,90,75,90,80,80,55,80,85,85,80,60,70,80,85,90,80,80,90,85,80,80,80,75,90,75,80,80,80,75,75,65,80,80,75,90,85,80,90,80,75,100,95,95,90,95,100,90,70,90,95,95,100,100,90,90,80,80,85,80,95,95,95,95,90,85,100,90,75,100,95,95,85,80,95,85,90,95,95,85,95,90,75,90,70,75,95,90,85,80,85,95,85,95,85,95,85,80
1210,85,75,85,90,85,90,90,75,90,80,80,55,80,85,85,80,60,70,80,85,90,80,80,90,85,80,80,80,75,90,75,80,80,80,75,75,65,80,80,75,90,85,80,90,80,75,100,95,95,90,95,100,90,70,90,95,95,100,100,90,90,80,80,85,80,95,95,95,95,90,85,100,90,75,100,95,95,85,80,95,85,90,95,95,85,95,90,75,90,70,75,95,90,85,80,85,95,85,95,85,95,85,80
1219,90,70,75,80,75,85,80,70,80,70,70,50,75,80,75,80,55,65,75,80,80,90,70,80,80,75,75,80,70,80,80,75,75,80,70,70,65,75,75,70,80,75,75,80,75,70,90,95,90,85,95,90,85,65,100,85,85,90,90,100,85,75,75,80,80,95,95,95,95,90,80,90,95,85,90,95,90,80,75,85,80,85,85,90,80,95,80,70,80,70,85,90,80,80,80,80,85,90,90,80,85,80,75
1230,80,70,75,80,75,85,80,65,80,70,70,50,75,80,75,75,55,65,90,85,80,75,70,80,80,75,75,75,70,80,70,75,75,75,70,65,60,90,75,80,80,75,75,80,75,75,90,85,90,85,90,90,85,65,85,85,85,90,90,85,100,75,75,95,75,90,85,85,90,85,85,90,85,70,90,85,90,80,75,85,80,85,85,90,75,90,80,70,80,65,70,90,80,75,75,80,85,80,90,95,85,80,75
1241,75,80,80,85,80,85,85,70,85,90,90,55,90,90,85,80,80,75,80,85,85,80,75,85,90,95,85,90,80,85,80,85,75,95,90,70,75,80,95,80,85,80,80,85,85,75,80,75,85,80,80,80,85,90,75,75,80,80,80,75,75,100,75,70,95,80,75,75,80,75,85,80,80,90,80,75,85,75,95,75,75,75,75,85,65,80,70,95,85,85,90,85,75,65,95,75,75,75,85,75,75,75,75
1242,80,75,75,80,75,90,80,65,80,65,75,50,80,85,75,85,65,70,75,80,80,75,70,80,85,70,90,75,75,80,75,80,90,70,70,65,55,75,70,70,80,75,85,75,80,65,80,75,85,80,80,80,80,75,75,85,75,80,80,75,75,75,100,70,70,80,75,75,80,85,75,80,80,65,80,75,85,75,75,75,95,75,75,85,65,80,70,70,80,60,65,85,70,65,70,75,85,75,85,70,75,75,100
1253,75,70,70,75,70,80,75,65,75,65,65,50,70,75,70,70,55,65,85,80,75,70,70,75,75,70,70,70,65,75,70,70,70,70,65,65,55,85,70,75,75,70,70,75,80,70,85,80,85,80,85,85,80,60,80,80,80,85,85,80,95,70,70,100,70,85,80,80,85,80,80,85,80,65,85,80,85,80,70,80,75,80,80,85,75,85,80,65,75,60,65,85,75,70,70,80,80,75,85,90,80,80,70
1278,80,75,80,85,80,80,85,70,85,90,90,55,85,85,85,85,75,70,80,85,85,85,75,85,85,95,80,85,75,85,75,80,70,100,85,70,80,80,95,80,85,80,80,85,80,75,80,75,80,75,85,80,80,85,80,75,80,80,80,80,75,95,70,70,100,85,75,75,85,80,85,80,75,95,80,75,80,70,90,75,70,75,75,80,65,85,70,90,85,90,95,80,75,65,100,70,75,70,80,75,75,70,70
1293,90,75,80,85,80,90,85,70,85,75,75,55,80,85,80,85,60,70,80,85,85,85,75,85,85,80,80,80,75,85,75,80,80,85,75,70,70,80,80,75,85,80,80,85,80,75,95,90,95,90,100,95,90,70,95,90,90,95,95,95,90,80,80,85,85,100,90,90,100,95,85,95,90,80,95,90,95,85,80,90,85,90,90,95,80,100,85,75,85,75,80,95,85,80,85,85,90,85,95,85,90,85,80
1319,85,70,80,85,80,85,85,75,85,75,75,50,75,80,80,75,55,65,75,80,85,85,75,85,80,75,75,80,70,85,80,75,75,75,70,75,60,75,75,70,85,80,75,85,75,70,95,100,90,85,90,95,85,65,95,90,90,95,95,95,85,75,75,80,75,90,100,100,90,85,80,95,95,80,95,100,90,80,75,90,80,85,90,90,85,90,85,70,85,65,80,90,85,85,75,80,90,90,90,80,90,80,75
1320,85,70,80,85,80,85,85,75,85,75,75,50,75,80,80,75,55,65,75,80,85,85,75,85,80,75,75,80,70,85,80,75,75,75,70,75,60,75,75,70,85,80,75,85,75,70,95,100,90,85,90,95,85,65,95,90,90,95,95,95,85,75,75,80,75,90,100,100,90,85,80,95,95,80,95,100,90,80,75,90,80,85,90,90,85,90,85,70,85,65,80,90,85,85,75,80,90,90,90,80,90,80,75
1321,90,75,80,85,80,90,85,70,85,75,75,55,80,85,80,85,60,70,80,85,85,85,75,85,85,80,80,80,75,85,75,80,80,85,75,70,70,80,80,75,85,80,80,85,80,75,95,90,95,90,100,95,90,70,95,90,90,95,95,95,90,80,80,85,85,100,90,90,100,95,85,95,90,80,95,90,95,85,80,90,85,90,90,95,80,100,85,75,85,75,80,95,85,80,85,85,90,85,95,85,90,85,80
1344,85,70,75,80,75,85,80,65,80,70,80,50,75,80,75,90,65,65,75,80,80,80,70,80,80,75,85,75,70,80,70,75,75,80,70,65,65,75,75,70,80,75,85,80,75,70,90,85,90,85,95,90,85,75,90,95,85,90,90,90,85,75,85,80,80,95,85,85,95,100,80,90,85,75,90,85,90,80,75,85,90,85,85,90,75,95,80,70,80,70,75,90,80,75,80,80,95,80,90,80,85,80,85
1424,80,80,85,90,85,85,90,75,90,80,80,60,85,90,85,85,65,75,90,95,90,85,80,90,90,85,85,75,80,90,80,85,75,85,80,75,65,90,85,85,90,85,85,90,85,85,85,80,85,80,85,85,80,75,80,80,80,85,85,80,85,85,75,80,85,85,80,80,85,80,100,85,80,80,85,80,85,75,85,80,75,80,80,85,70,85,75,80,90,75,80,85,75,70,85,75,80,75,85,80,80,75,75
1424C,85,75,85,90,85,90,90,75,90,80,80,55,80,85,85,80,60,70,80,85,90,80,80,90,85,80,80,80,75,90,75,80,80,80,75,75,65,80,80,75,90,85,80,90,80,75,100,95,95,90,95,100,90,70,90,95,95,100,100,90,90,80,80,85,80,95,95,95,95,90,85,100,90,75,100,95,95,85,80,95,85,90,95,95,85,95,90,75,90,70,75,95,90,85,80,85,95,85,95,85,95,85,80
1463,85,75,75,80,75,90,80,70,80,70,70,50,80,85,75,75,60,70,75,80,80,85,70,80,85,75,80,85,75,80,85,80,80,75,75,70,60,75,75,70,80,75,75,80,80,70,90,95,95,90,90,90,90,70,95,85,85,90,90,95,85,80,80,80,75,90,95,95,90,85,80,90,100,80,90,95,95,85,80,85,85,85,85,95,80,90,80,75,80,65,80,95,80,80,75,85,85,95,95,80,85,85,80
1546,80,70,75,80,75,75,80,70,80,85,85,50,80,80,80,80,70,65,75,80,80,90,70,80,80,90,75,85,70,80,80,75,65,95,80,70,75,75,90,75,80,75,75,80,75,70,75,80,75,70,80,75,75,80,85,70,75,75,75,85,70,90,65,65,95,80,80,80,80,75,80,75,80,100,75,80,75,65,85,70,65,70,70,75,65,80,65,85,80,85,100,75,70,65,95,65,70,75,75,70,70,65,65
1561,85,75,85,90,85,90,90,75,90,80,80,55,80,85,85,80,60,70,80,85,90,80,80,90,85,80,80,80,75,90,75,80,80,80,75,75,65,80,80,75,90,85,80,90,80,75,100,95,95,90,95,100,90,70,90,95,95,100,100,90,90,80,80,85,80,95,95,95,95,90,85,100,90,75,100,95,95,85,80,95,85,90,95,95,85,95,90,75,90,70,75,95,90,85,80,85,95,85,95,85,95,85,80
1571S,85,70,80,85,80,85,85,75,85,75,75,50,75,80,80,75,55,65,75,80,85,85,75,85,80,75,75,80,70,85,80,75,75,75,70,75,60,75,75,70,85,80,75,85,75,70,95,100,90,85,90,95,85,65,95,90,90,95,95,95,85,75,75,80,75,90,100,100,90,85,80,95,95,80,95,100,90,80,75,90,80,85,90,90,85,90,85,70,85,65,80,90,85,85,75,80,90,90,90,80,90,80,75
1582,85,80,80,85,80,95,85,70,85,75,75,55,85,90,80,80,65,75,80,85,85,80,75,85,90,80,85,85,80,85,80,85,85,80,80,70,65,80,80,75,85,80,80,85,85,75,95,90,100,95,95,95,95,75,90,90,90,95,95,90,90,85,85,85,80,95,90,90,95,90,85,95,95,75,95,90,100,90,85,90,90,90,90,100,80,95,85,80,85,70,75,100,85,80,80,90,90,90,100,85,90,90,85
1582C,75,90,70,75,70,85,75,70,75,65,65,60,75,80,70,70,60,85,70,75,75,70,70,75,80,70,75,75,70,75,75,75,75,70,70,70,55,70,70,65,75,70,70,75,80,65,85,80,90,85,85,85,85,65,80,80,80,85,85,80,80,75,75,80,70,85,80,80,85,80,75,85,85,65,85,80,90,100,75,80,80,80,80,90,75,85,95,70,75,60,65,90,75,75,70,95,80,80,90,75,80,100,75
1654,75,80,80,85,80,85,85,70,85,85,85,55,90,90,85,80,75,75,80,85,85,80,75,85,90,90,85,85,80,85,80,85,75,90,95,70,70,80,90,80,85,80,80,85,85,75,80,75,85,80,80,80,85,85,75,75,80,80,80,75,75,95,75,70,90,80,75,75,80,75,85,80,80,85,80,75,85,75,100,75,75,75,75,85,65,80,70,90,85,80,85,85,75,65,90,75,75,75,85,75,75,75,75
1689,80,70,90,85,85,85,85,70,85,85,75,55,75,80,80,75,55,70,75,80,85,75,75,85,80,75,75,75,75,85,70,80,85,75,75,70,60,75,75,70,85,90,75,85,75,70,95,90,90,95,90,95,85,65,85,90,90,95,95,85,85,75,75,80,75,90,90,90,90,85,80,95,85,70,95,90,90,80,75,100,80,90,95,90,80,90,85,70,85,70,70,90,95,80,75,80,90,85,90,80,90,80,75
1788,75,70,70,75,70,85,75,60,75,65,75,45,75,80,70,80,65,65,70,75,75,70,65,75,80,70,85,75,70,75,70,75,85,70,70,60,55,70,70,65,75,70,80,75,75,65,85,80,90,85,85,85,85,75,80,90,80,85,85,80,80,75,95,75,70,85,80,80,85,90,75,85,85,65,85,80,90,80,75,80,100,80,80,90,70,85,75,70,75,60,65,90,75,70,70,80,90,80,90,75,80,80,95
1797,80,70,80,80,80,85,80,65,80,75,70,55,75,80,75,75,55,70,75,80,80,75,70,80,80,75,75,75,75,80,70,80,80,75,75,65,60,75,75,70,80,80,75,80,75,70,90,85,90,90,90,90,85,65,85,85,85,90,90,85,85,75,75,80,75,90,85,85,90,85,80,90,85,70,90,85,90,80,75,90,80,100,90,90,75,90,80,70,80,70,70,90,85,75,75,80,85,85,90,80,85,80,75
1797C,80,70,85,85,85,85,85,70,85,80,75,55,75,80,80,75,55,70,75,80,85,75,75,85,80,75,75,75,75,85,70,80,80,75,75,70,60,75,75,70,85,85,75,85,75,70,95,90,90,90,90,95,85,65,85,90,90,95,95,85,85,75,75,80,75,90,90,90,90,85,80,95,85,70,95,90,90,80,75,95,80,90,100,90,80,90,85,70,85,70,70,90,90,80,75,80,90,85,90,80,90,80,75
2106,85,80,80,85,80,95,85,70,85,75,75,55,85,90,80,80,65,75,80,85,85,80,75,85,90,80,85,85,80,85,80,85,85,80,80,70,65,80,80,75,85,80,80,85,85,75,95,90,100,95,95,95,95,75,90,90,90,95,95,90,90,85,85,85,80,95,90,90,95,90,85,95,95,75,95,90,100,90,85,90,90,90,90,100,80,95,85,80,85,70,75,100,85,80,80,90,90,90,100,85,90,90,85
2192,75,65,70,75,70,75,75,75,75,65,65,45,65,70,70,65,50,60,65,70,75,70,70,75,70,65,65,70,60,75,70,65,65,65,60,75,50,65,65,60,75,70,65,75,70,60,85,85,80,75,80,85,75,55,80,80,80,85,85,80,75,65,65,75,65,80,85,85,80,75,70,85,80,65,85,85,80,75,65,80,70,75,80,80,100,80,80,60,75,55,65,80,75,80,65,75,80,75,80,70,80,75,65
2193,90,75,80,85,80,90,85,70,85,75,75,55,80,85,80,85,60,70,80,85,85,85,75,85,85,80,80,80,75,85,75,80,80,85,75,70,70,80,80,75,85,80,80,85,80,75,95,90,95,90,100,95,90,70,95,90,90,95,95,95,90,80,80,85,85,100,90,90,100,95,85,95,90,80,95,90,95,85,80,90,85,90,90,95,80,100,85,75,85,75,80,95,85,80,85,85,90,85,95,85,90,85,80
2193C,75,85,75,80,75,80,80,75,80,70,70,60,70,75,75,70,55,80,70,75,80,70,75,80,75,70,70,70,65,80,70,70,70,70,65,75,55,70,70,65,80,75,70,80,75,65,90,85,85,80,85,90,80,60,80,85,85,90,90,80,80,70,70,80,70,85,85,85,85,80,75,90,80,65,90,85,85,95,70,85,75,80,85,85,80,85,100,65,80,60,65,85,80,80,70,90,85,75,85,75,85,95,70
2223,70,75,75,80,75,80,80,65,80,85,85,55,85,85,80,75,85,70,75,80,80,75,70,80,85,90,80,85,75,80,75,80,70,90,85,65,70,75,90,75,80,75,75,80,80,75,75,70,80,75,75,75,80,85,70,70,75,75,75,70,70,95,70,65,90,75,70,70,75,70,80,75,75,85,75,70,80,70,90,70,70,70,70,80,60,75,65,100,80,80,85,80,70,60,90,70,70,70,80,70,70,70,70
226C,85,85,95,100,95,90,100,85,100,85,85,65,90,95,95,90,65,80,90,95,100,90,90,100,95,85,90,75,85,100,85,90,80,85,80,85,65,90,85,85,100,95,90,95,90,80,90,85,85,80,85,90,80,75,80,85,85,90,90,80,80,85,80,75,85,85,85,85,85,80,90,90,80,80,90,85,85,75,85,85,75,80,85,85,75,85,80,80,100,75,80,85,80,75,85,75,85,75,85,75,85,75,80
2372,70,65,75,75,75,70,75,60,75,85,80,65,75,75,75,75,65,70,70,75,75,75,65,75,75,85,70,75,70,75,65,75,65,90,80,60,70,70,85,70,75,75,70,75,70,65,70,65,70,70,75,70,70,75,70,65,70,70,70,70,65,85,60,60,90,75,65,65,75,70,75,70,65,85,70,65,70,60,80,70,60,70,70,70,55,75,60,80,75,100,85,70,70,55,90,60,65,65,70,65,65,60,60
2411,80,70,75,80,75,75,80,70,80,85,85,50,80,80,80,80,70,65,75,80,80,90,70,80,80,90,75,85,70,80,80,75,65,95,80,70,75,75,90,75,80,75,75,80,75,70,75,80,75,70,80,75,75,80,85,70,75,75,75,85,70,90,65,65,95,80,80,80,80,75,80,75,80,100,75,80,75,65,85,70,65,70,70,75,65,80,65,85,80,85,100,75,70,65,95,65,70,75,75,70,70,65,65
2575,85,80,80,85,80,95,85,70,85,75,75,55,85,90,80,80,65,75,80,85,85,80,75,85,90,80,85,85,80,85,80,85,85,80,80,70,65,80,80,75,85,80,80,85,85,75,95,90,100,95,95,95,95,75,90,90,90,95,95,90,90,85,85,85,80,95,90,90,95,90,85,95,95,75,95,90,100,90,85,90,90,90,90,100,80,95,85,80,85,70,75,100,85,80,80,90,90,90,100,85,90,90,85
2585,75,65,85,80,80,80,80,65,80,85,75,50,75,75,80,70,55,65,70,75,80,70,70,80,75,75,70,75,70,80,65,75,80,75,75,65,60,70,75,70,80,85,70,80,70,65,90,85,85,90,85,90,85,65,80,85,90,90,90,80,80,75,70,75,75,85,85,85,85,80,75,90,80,70,90,85,85,75,75,95,75,85,90,85,75,85,80,70,80,70,70,85,100,75,75,75,85,80,85,80,85,75,70
2615,75,65,70,75,70,75,75,75,75,65,65,45,65,70,70,65,45,60,65,70,75,70,65,75,70,65,65,70,60,75,65,65,65,65,60,75,50,65,65,60,75,70,65,75,65,60,85,85,80,75,80,85,75,55,80,80,80,85,85,80,75,65,65,70,65,80,85,85,80,75,70,85,80,65,85,85,80,75,65,80,70,75,80,80,80,80,80,60,75,55,65,80,75,100,65,75,80,75,80,70,80,75,65
2680,80,75,80,85,80,80,85,70,85,90,90,55,85,85,85,85,75,70,80,85,85,85,75,85,85,95,80,85,75,85,75,80,70,100,85,70,80,80,95,80,85,80,80,85,80,75,80,75,80,75,85,80,80,85,80,75,80,80,80,80,75,95,70,70,100,85,75,75,85,80,85,80,75,95,80,75,80,70,90,75,70,75,75,80,65,85,70,90,85,90,95,80,75,65,100,70,75,70,80,75,75,70,70
2713,75,85,70,75,70,85,75,70,75,65,65,65,75,80,70,70,60,80,70,75,75,70,70,75,80,70,75,75,70,75,75,75,75,70,70,70,55,70,70,65,75,70,70,75,80,65,85,80,90,85,85,85,85,65,80,80,80,85,85,80,80,75,75,80,70,85,80,80,85,80,75,85,85,65,85,80,90,95,75,80,80,80,80,90,75,85,90,70,75,60,65,90,75,75,70,100,80,80,90,75,80,95,75
2718,80,70,80,85,80,85,85,70,85,75,85,50,75,80,80,85,65,65,75,80,85,75,75,85,80,75,85,75,70,85,70,75,75,75,70,70,60,75,75,70,85,80,85,85,75,70,95,90,90,85,90,95,85,75,85,100,90,95,95,85,85,75,85,80,75,90,90,90,90,95,80,95,85,70,95,90,90,80,75,90,90,85,90,90,80,90,85,70,85,65,70,90,85,80,75,80,100,80,90,80,90,80,85
2766,80,70,75,75,75,85,75,65,75,70,65,50,75,80,70,70,55,70,70,75,75,80,65,75,80,70,75,80,75,75,80,80,80,70,75,65,55,70,70,65,75,75,70,75,75,65,85,90,90,90,85,85,85,65,90,80,80,85,85,90,80,75,75,75,70,85,90,90,85,80,75,85,95,75,85,90,90,80,75,85,80,85,85,90,75,85,75,70,75,65,75,90,80,75,70,80,80,100,90,75,80,80,75
2768,85,80,80,85,80,95,85,70,85,75,75,55,85,90,80,80,65,75,80,85,85,80,75,85,90,80,85,85,80,85,80,85,85,80,80,70,65,80,80,75,85,80,80,85,85,75,95,90,100,95,95,95,95,75,90,90,90,95,95,90,90,85,85,85,80,95,90,90,95,90,85,95,95,75,95,90,100,90,85,90,90,90,90,100,80,95,85,80,85,70,75,100,85,80,80,90,90,90,100,85,90,90,85
2786,75,65,70,75,70,80,75,60,75,70,70,45,75,75,80,70,55,60,85,80,75,70,65,75,75,75,70,75,65,75,65,70,70,75,70,60,60,85,75,85,75,70,70,75,70,70,85,80,85,80,85,85,90,65,80,80,85,85,85,80,95,75,70,90,75,85,80,80,85,80,80,85,80,70,85,80,85,75,75,80,75,80,80,85,70,85,75,70,75,65,70,85,80,70,75,75,80,75,85,100,80,75,70
2790,80,70,80,85,80,85,85,70,85,75,75,50,75,80,80,75,55,65,75,80,85,75,75,85,80,75,75,75,70,85,70,75,75,75,70,70,65,75,75,70,85,80,75,85,75,70,95,90,90,85,90,95,85,75,85,90,90,95,95,85,85,75,75,80,75,90,90,90,90,85,80,95,85,70,95,90,90,80,75,90,80,85,90,90,80,90,85,70,85,65,70,90,85,80,75,80,90,80,90,80,100,80,75
2886,75,90,70,75,70,85,75,70,75,65,65,60,75,80,70,70,60,85,70,75,75,70,70,75,80,70,75,75,70,75,75,75,75,70,70,70,55,70,70,65,75,70,70,75,80,65,85,80,90,85,85,85,85,65,80,80,80,85,85,80,80,75,75,80,70,85,80,80,85,80,75,85,85,65,85,80,90,100,75,80,80,80,80,90,75,85,95,70,75,60,65,90,75,75,70,95,80,80,90,75,80,100,75
2561,80,75,75,80,75,90,80,65,80,65,75,50,80,85,75,85,65,70,75,80,80,75,70,80,85,70,90,75,75,80,75,80,90,70,70,65,55,75,70,70,80,75,85,75,80,65,80,75,85,80,80,80,80,75,75,85,75,80,80,75,75,75,100,70,70,80,75,75,80,85,75,80,80,65,80,75,85,75,75,75,95,75,75,85,65,80,70,70,80,60,65,85,70,65,70,75,85,75,85,70,75,75,100
